"MOTIFS_ID","RBP_NAME","SPECIES","IUPAC","PFAM","INTERPRO","Gene_ID",LENGTH
"M001","A1CF","Homo sapiens","WUAAUUR","PF00076 (RRM_1)","IPR000504","ENSG00000148584",7
"M002","ANKHD1","Homo sapiens","AGACGWW","PF00013 (KH_1)","IPR018111","ENSG00000131503",7
"M003","aret","Drosophila melanogaster","UKUKUGU","PF00076 (RRM_1)","IPR000504","FBgn0000114",7
"M004","BRUNOL4","Homo sapiens","KGUGUKK","PF00076 (RRM_1)","IPR000504","ENSG00000101489",7
"M005","tiar-3","Caenorhabditis elegans","HUUUUUU","PF00076 (RRM_1)","IPR000504","C07A4.1",7
"M006","CG14718_CONSTRUCT","RNAcompete CONSTRUCTS","CAGAKB","PF00076 (RRM_1)","IPR000504","CG14718_CONSTRUCT",8
"M007","CG2950","Drosophila melanogaster","CRACGAV","PF00013 (KH_1)","IPR018111","FBgn0031637",7
"M008","Cnot4","Drosophila melanogaster","ASACAHW","PF00076 (RRM_1)","IPR000504","FBgn0051716",7
"M009","CG33714","Drosophila melanogaster","BBGCGUG","PF00076 (RRM_1)","IPR000504","FBgn0064117",7
"M010","CG5213","Drosophila melanogaster","URCUUU","PF00076 (RRM_1)","IPR000504","FBgn0038345",8
"M011","papi","Drosophila melanogaster","KGUKUGU","PF00013 (KH_1)","IPR018111","FBgn0031401",7
"M012","CPEB2","Homo sapiens","CHUUUUU","PF00076 (RRM_1)","IPR000504","ENSG00000137449",7
"M013","DAZAP1","Homo sapiens","UAGKWWR","PF00076 (RRM_1)","IPR000504","ENSG00000071626",7
"M014","exc-7","Caenorhabditis elegans","YUDRGUU","PF00076 (RRM_1)","IPR000504","F35H8.5",7
"M015","Fmr1","Drosophila melanogaster","AHGGACR","PF00013 (KH_1)","IPR018111","FBgn0028734",7
"M016","FMR1","Homo sapiens","KGACARG","PF00013 (KH_1)","IPR018111","ENSG00000102081",7
"M017","fox-1","Caenorhabditis elegans","WGCAUGM","PF00076 (RRM_1)","IPR000504","T07D1.4",7
"M018","FUS_CONSTRUCT","RNAcompete CONSTRUCTS","CGCGC","PF00076 (RRM_1)","IPR000504","FUS_CONSTRUCT",7
"M019","Fusip1","Homo sapiens","AGAGAVM","PF00076 (RRM_1)","IPR000504","ENSG00000188529",7
"M020","FXR2","Homo sapiens","DGACRRR","PF00013 (KH_1)","IPR018111","ENSG00000129245",7
"M021","G3BP2","Homo sapiens","AGGAUDR","PF00076 (RRM_1)","IPR000504","ENSG00000138757",7
"M022","HNRNPA1","Homo sapiens","DUAGGGW","PF00076 (RRM_1)","IPR000504","ENSG00000135486",7
"M023","HNRNPA1L2","Homo sapiens","DUAGGGW","PF00076 (RRM_1)","IPR000504","ENSG00000139675",7
"M024","HNRNPA2B1","Homo sapiens","DUAGGGW","PF00076 (RRM_1)","IPR000504","ENSG00000122566",7
"M025","HNRNPC","Homo sapiens","HUUUUUK","PF00076 (RRM_1)","IPR000504","ENSG00000092199",7
"M026","hnRNPK","Homo sapiens","CCAWMCC","PF00013 (KH_1)","IPR018111","ENSG00000165119",7
"M027","HNRNPL","Homo sapiens","AMAYAMA","PF00076 (RRM_1)","IPR000504","ENSG00000104824",7
"M028","Hrb27C","Drosophila melanogaster","UAGGWWA","PF00076 (RRM_1)","IPR000504","FBgn0004838",7
"M029","Hrb87F","Drosophila melanogaster","GGUAGGG","PF00076 (RRM_1)","IPR000504","FBgn0004237",7
"M030","HRP1","Saccharomyces cerevisiae","UAYRUAV","PF00076 (RRM_1)","IPR000504","YOL123W",7
"M031","ELAVL1","Homo sapiens","UUDUUUU","PF00076 (RRM_1)","IPR000504","ENSG00000066044",7
"M032","IGF2BP2","Homo sapiens","VMAHWCA","PF00013 (KH_1)","IPR018111","ENSG00000073792",7
"M033","KHDRBS3","Homo sapiens","AUAAAV","PF00013 (KH_1)","IPR018111","ENSG00000131773",8
"M034","lark","Drosophila melanogaster","DCGCGCG","PF00098 (zf-CCHC)","IPR001878","FBgn0011640",7
"M035","LIN28A","Homo sapiens","HGGAGWA","PF00098 (zf-CCHC)","IPR001878","ENSG00000131914",7
"M036","MATR3","Homo sapiens","MAUCUUR","PF00076 (RRM_1)","IPR000504","ENSG00000015479",7
"M037","MBNL1","Homo sapiens","GCUUGC","PF00642 (zf-CCCH)","IPR000571","ENSG00000152601",7
"M038","Mex-5","Caenorhabditis elegans","UAAUAW","PF00642 (zf-CCCH)","IPR000571","W02A2.7",8
"M039","msi_CONSTRUCT","RNAcompete CONSTRUCTS","WGUAGKD","PF00076 (RRM_1)","IPR000504","msi_CONSTRUCT",7
"M040","MSI1","Homo sapiens","UAGUWRG","PF00076 (RRM_1)","IPR000504","ENSG00000135097",7
"M041","NAB2_CONSTRUCT","RNAcompete CONSTRUCTS","AAAAAAR","PF10283 (zf-CCHH)","IPR019406","NAB2_CONSTRUCT",7
"M042","PABPC4","Homo sapiens","AAAAAAR","PF00076 (RRM_1)","IPR000504","ENSG00000090621",7
"M043","PCBP2","Homo sapiens","CCYYCCH","PF00013 (KH_1)","IPR018111","ENSG00000197111",7
"M044","PPRC1","Homo sapiens","SSGCGCS","PF00076 (RRM_1)","IPR000504","ENSG00000148840",7
"M045","pum","Drosophila melanogaster","UGUAHAK","PF00806 (PUF)","IPR001313","FBgn0003165",7
"M046","QKI","Homo sapiens","ACUAACV","PF00013 (KH_1)","IPR018111","ENSG00000112531",7
"M047","RBM28","Homo sapiens","GWGUAGD","PF00076 (RRM_1)","IPR000504","ENSG00000106344",7
"M048","RBM3","Homo sapiens","RADACKA","PF00076 (RRM_1)","IPR000504","ENSG00000102317",7
"M049","Rbm38","Mus musculus","KKGUGUK","PF00076 (RRM_1)","IPR000504","ENSMUSG00000027510",7
"M050","RBM4","Homo sapiens","GCGCGSS","PF00076 (RRM_1)","IPR000504","ENSG00000239306",7
"M051","RBM41","Homo sapiens","WUACWUK","PF00076 (RRM_1)","IPR000504","ENSG00000089682",7
"M052","RBM46","Homo sapiens","RAUSAWD","PF00076 (RRM_1)","IPR000504","ENSG00000151962",7
"M053","RBM5","Homo sapiens","GARGGWR","PF00641 (zf-RanBP)","IPR001876","ENSG00000003756",7
"M054","RBM8A","Homo sapiens","RYGCGCB","PF00076 (RRM_1)","IPR000504","ENSG00000131795",7
"M055","RBMS3","Homo sapiens","MUAUAKM","PF00076 (RRM_1)","IPR000504","ENSG00000144642",7
"M056","Rbp1","Drosophila melanogaster","WCAACRR","PF00076 (RRM_1)","IPR000504","FBgn0260944",7
"M057","ref2","Drosophila melanogaster","AGAAGRM","PF00076 (RRM_1)","IPR000504","FBgn0032439",7
"M058","Rnp4F","Drosophila melanogaster","AGAKARR","PF00076 (RRM_1)","IPR000504","FBgn0014024",7
"M059","Rsf1","Drosophila melanogaster","ACGACGV","PF00076 (RRM_1)","IPR000504","FBgn0011305",7
"M060","Khdrbs1","Mus musculus","UAAAAVV","PF00013 (KH_1)","IPR018111","ENSMUSG00000028790",7
"M061","SAMD4A","Homo sapiens","GCKGGHM","PF00536 (SAM_1)","IPR021129","ENSG00000020577",7
"M062","SART3","Homo sapiens","ARAAAAM","PF00076 (RRM_1)","IPR000504","ENSG00000075856",7
"M063","SF1_CONSTRUCT","RNAcompete CONSTRUCTS","ACUAAYV","PF00013 (KH_1)","IPR018111","SF1_CONSTRUCT",7
"M064","SF2","Drosophila melanogaster","DGGAGGA","PF00076 (RRM_1)","IPR000504","FBgn0040284",7
"M065","SRSF9","Homo sapiens","KGRWGSM","PF00076 (RRM_1)","IPR000504","ENSG00000111786",7
"M066","shep","Drosophila melanogaster","AUAUUWD","PF00076 (RRM_1)","IPR000504","FBgn0052423",7
"M067","sm","Drosophila melanogaster","ABACACV","PF00076 (RRM_1)","IPR000504","FBgn0003435",7
"M068","SNRNP70","Homo sapiens","RWUCAAG","PF00076 (RRM_1)","IPR000504","ENSG00000104852",7
"M069","SNRPA","Homo sapiens","WUGCACR","PF00076 (RRM_1)","IPR000504","ENSG00000077312",7
"M070","SRSF2","Homo sapiens","GGAGWD","PF00076 (RRM_1)","IPR000504","ENSG00000161547",8
"M071","SRSF7","Homo sapiens","ACGACG","PF00098 (zf-CCHC)","IPR001878","ENSG00000115875",8
"M072","SRSF9","Homo sapiens","AKGAVMR","PF00076 (RRM_1)","IPR000504","ENSG00000111786",7
"M073","STAR-PAP","Homo sapiens","MRAUACU","PF00076 (RRM_1)","IPR000504","ENSG00000149016",7
"M074","TARDBP","Homo sapiens","GAAUGD","PF00076 (RRM_1)","IPR000504","ENSG00000120948",8
"M075","TIA1","Homo sapiens","UUUUUBK","PF00076 (RRM_1)","IPR000504","ENSG00000116001",7
"M076","tra2","Drosophila melanogaster","VAAGAA","PF00076 (RRM_1)","IPR000504","FBgn0003742",7
"M077","U2AF2","Homo sapiens","UUUUUYC","PF00076 (RRM_1)","IPR000504","ENSG00000063244",7
"M078","U2af50","Drosophila melanogaster","UUUUUYY","PF00076 (RRM_1)","IPR000504","FBgn0005411",7
"M079","unc-75","Caenorhabditis elegans","UGUUGUD","PF00076 (RRM_1)","IPR000504","C17D12.2",7
"M080","Vts1","Saccharomyces cerevisiae","GCUGGYS","PF00536 (SAM_1)","IPR021129","YOR359W",8
"M081","YB-1","Homo sapiens","AACAUC","PF00313 (CSD)","IPR002059","ENSG00000065978",7
"M082","YBX2","Homo sapiens","AACAWCD","PF00313 (CSD)","IPR002059","ENSG00000006047",7
"M083","ZC3H10","Homo sapiens","SSAGCGM","PF00642 (zf-CCCH)","IPR000571","ENSG00000135482",7
"M084","ZC3H14_CONSTRUCT","RNAcompete CONSTRUCTS","UUUDUUU","PF00642 (zf-CCCH)","IPR000571","ZC3H14_CONSTRUCT",7
"M085","ZCRB1","Homo sapiens","GRHUUAA","PF00098 (zf-CCHC)","IPR001878","ENSG00000139168",8
"M086","Fusip1","Homo sapiens","ARAGRRR","PF00076 (RRM_1)","IPR000504","ENSG00000188529",7
"M087","Fusip1","Homo sapiens","AGAGARR","PF00076 (RRM_1)","IPR000504","ENSG00000188529",7
"M088","Fusip1","Homo sapiens","AGAGAVV","PF00076 (RRM_1)","IPR000504","ENSG00000188529",7
"M089","HNRNPL","Homo sapiens","ACACRAV","PF00076 (RRM_1)","IPR000504","ENSG00000104824",7
"M090","Hrb27C","Drosophila melanogaster","UAGGWUA","PF00076 (RRM_1)","IPR000504","FBgn0004838",7
"M091","Hrb98DE","Drosophila melanogaster","GKUAGGK","PF00076 (RRM_1)","IPR000504","FBgn0001215",7
"M092","Hrb98DE","Drosophila melanogaster","GGUAGGG","PF00076 (RRM_1)","IPR000504","FBgn0001215",7
"M093","Hrb98DE","Drosophila melanogaster","RGUAGGG","PF00076 (RRM_1)","IPR000504","FBgn0001215",7
"M094","lark","Drosophila melanogaster","DCGCGCG","PF00098 (zf-CCHC)","IPR001878","FBgn0011640",7
"M095","msi","Drosophila melanogaster","AGUAGKD","PF00076 (RRM_1)","IPR000504","FBgn0011666",7
"M096","msi","Drosophila melanogaster","AGUAGGD","PF00076 (RRM_1)","IPR000504","FBgn0011666",7
"M097","pum","Drosophila melanogaster","UGUAMAK","PF00806 (PUF)","IPR001313","FBgn0003165",7
"M098","pum","Drosophila melanogaster","UGUAYAK","PF00806 (PUF)","IPR001313","FBgn0003165",7
"M099","pum","Drosophila melanogaster","UGUAMRK","PF00806 (PUF)","IPR001313","FBgn0003165",7
"M100","pum","Drosophila melanogaster","UGUAMAK","PF00806 (PUF)","IPR001313","FBgn0003165",7
"M101","pum","Drosophila melanogaster","UGUAWDU","PF00806 (PUF)","IPR001313","FBgn0003165",7
"M102","SRSF1","Homo sapiens","GRAGGA","PF00076 (RRM_1)","IPR000504","ENSG00000136450",7
"M103","SRSF1","Homo sapiens","GGAGGA","PF00076 (RRM_1)","IPR000504","ENSG00000136450",7
"M104","SRSF1","Homo sapiens","GGASGRV","PF00076 (RRM_1)","IPR000504","ENSG00000136450",7
"M105","SRSF1","Homo sapiens","GGASGRV","PF00076 (RRM_1)","IPR000504","ENSG00000136450",7
"M106","SRSF1","Homo sapiens","AGGASM","PF00076 (RRM_1)","IPR000504","ENSG00000136450",8
"M107","Vts1","Saccharomyces cerevisiae","GCUGGCS","PF00536 (SAM_1)","IPR021129","YOR359W",8
"M108","ELAVL1","Homo sapiens","UUWGUUU","PF00076 (RRM_1)","IPR000504","ENSG00000066044",7
"M109","RBM4","Homo sapiens","GCGCGSG","PF00076 (RRM_1)","IPR000504","ENSG00000239306",7
"M110","aret","Drosophila melanogaster","UKUKUGU","PF00076 (RRM_1)","IPR000504","FBgn0000114",8
"M111","YB-1","Homo sapiens","AACAUCD","PF00313 (CSD)","IPR002059","ENSG00000065978",7
"M112","ELAVL1","Homo sapiens","UUURKUU","PF00076 (RRM_1)","IPR000504","ENSG00000066044",7
"M113","how","Drosophila melanogaster","ACUAACV","PF00013 (KH_1)","IPR018111","FBgn0017397",7
"M114","Sxl","Drosophila melanogaster","UUUUUUU","PF00076 (RRM_1)","IPR000504","FBgn0003659",7
"M115","fne","Drosophila melanogaster","UUKDGUU","PF00076 (RRM_1)","IPR000504","FBgn0086675",7
"M116","elav","Drosophila melanogaster","UUUDKUU","PF00076 (RRM_1)","IPR000504","FBgn0260400",7
"M117","bru-3","Drosophila melanogaster","KUGKUGU","PF00076 (RRM_1)","IPR000504","FBgn0262350",7
"M118","a2bp1","Drosophila melanogaster","UGCAUG","PF00076 (RRM_1)","IPR000504","FBgn0052062",8
"M119","lark","Drosophila melanogaster","SGCGCG","PF00098 (zf-CCHC)","IPR001878","FBgn0011640",8
"M120","orb2","Drosophila melanogaster","KUUUKKK","PF00076 (RRM_1)","IPR000504","FBgn0262573",7
"M121","Rbp1-like","Drosophila melanogaster","AUCADCR","PF00076 (RRM_1)","IPR000504","FBgn0030479",7
"M122","CG11360","Drosophila melanogaster","GAGUDW","PF00013 (KH_1)","IPR018111","FBgn0039920",8
"M123","CG17838","Drosophila melanogaster","BAAAUUD","PF00076 (RRM_1)","IPR000504","FBgn0038826",7
"M124","Rbp9","Drosophila melanogaster","UUDDGUU","PF00076 (RRM_1)","IPR000504","FBgn0010263",7
"M125","cpo","Drosophila melanogaster","WGCACA","PF00076 (RRM_1)","IPR000504","FBgn0000363",7
"M126","B52","Drosophila melanogaster","GGASGRV","PF00076 (RRM_1)","IPR000504","FBgn0004587",7
"M127","ELAVL1","Homo sapiens","UUKRUUU","PF00076 (RRM_1)","IPR000504","ENSG00000066044",7
"M128","mub_CONSTRUCT","RNAcompete CONSTRUCTS","WACCCKW","PF00013 (KH_1)","IPR018111","mub_CONSTRUCT",7
"M129","rin","Drosophila melanogaster","RRWUGAW","PF00076 (RRM_1)","IPR000504","FBgn0015778",8
"M130","pAbp","Drosophila melanogaster","GAAAAHV","PF00076 (RRM_1)","IPR000504","FBgn0261619",7
"M131","mod","Drosophila melanogaster","ADUGGAA","PF00076 (RRM_1)","IPR000504","FBgn0002780",7
"M132","pUf68","Drosophila melanogaster","UAWDRGR","PF00076 (RRM_1)","IPR000504","FBgn0028577",7
"M133","qkr58E-1","Drosophila melanogaster","AUAAUWM","PF00013 (KH_1)","IPR018111","FBgn0022986",7
"M134","snRNP70K","Drosophila melanogaster","AUCAHG","PF00076 (RRM_1)","IPR000504","FBgn0016978",8
"M135","CG7903","Drosophila melanogaster","HWUGCGR","PF00076 (RRM_1)","IPR000504","FBgn0039730",7
"M136","snf","Drosophila melanogaster","UWGCAC","PF00076 (RRM_1)","IPR000504","FBgn0003449",8
"M137","CG7804","Drosophila melanogaster","WGKRUGR","PF00076 (RRM_1)","IPR000504","FBgn0036496",7
"M138","CG2931","Drosophila melanogaster","DACUAAG","PF00076 (RRM_1)","IPR000504","FBgn0037342",7
"M139","Rox8","Drosophila melanogaster","MYAUUUU","PF00076 (RRM_1)","IPR000504","FBgn0005649",7
"M140","ENOX1","Homo sapiens","HRKACAG","PF00076 (RRM_1)","IPR000504","ENSG00000120658",7
"M141","ESRP2","Homo sapiens","UGGGRAD","PF00076 (RRM_1)","IPR000504","ENSG00000103067",7
"M142","RBM42","Homo sapiens","AACUAMG","PF00076 (RRM_1)","IPR000504","ENSG00000126254",7
"M143","RBMS1","Homo sapiens","KAUAUAS","PF00076 (RRM_1)","IPR000504","ENSG00000153250",7
"M144","PABPC3","Homo sapiens","RAAAACM","PF00076 (RRM_1)","IPR000504","ENSG00000151846",7
"M145","RBM5","Homo sapiens","SAAGGRG","PF00641 (zf-RanBP)","IPR001876","ENSG00000003756",7
"M146","PABPC1","Homo sapiens","ARAAAAM","PF00076 (RRM_1)","IPR000504","ENSG00000070756",7
"M147","CNOT4","Homo sapiens","GACAGA","PF00076 (RRM_1)","IPR000504","ENSG00000080802",7
"M148","PABPN1","Homo sapiens","ARAAGA","PF00076 (RRM_1)","IPR000504","ENSG00000100836",7
"M149","CPEB4","Homo sapiens","UUUUUU","PF00076 (RRM_1)","IPR000504","ENSG00000113742",7
"M150","RALY","Homo sapiens","UUUUUUB","PF00076 (RRM_1)","IPR000504","ENSG00000125970",7
"M151","HNRNPH2","Homo sapiens","GGGAGGG","PF00076 (RRM_1)","IPR000504","ENSG00000126945",7
"M152","FXR1","Homo sapiens","AYGACR","PF00013 (KH_1)","IPR018111","ENSG00000114416",8
"M153","LIN28A","Homo sapiens","YGGAGGR","PF00098 (zf-CCHC)","IPR001878","ENSG00000131914",7
"M154","SRSF1","Homo sapiens","GGRGGAV","PF00076 (RRM_1)","IPR000504","ENSG00000136450",7
"M155","ZNF638","Homo sapiens","BGUUSKU","PF00076 (RRM_1)","IPR000504","ENSG00000075292",7
"M156","TIA1","Homo sapiens","WUUUUUB","PF00076 (RRM_1)","IPR000504","ENSG00000116001",7
"M157","BRUNOL5","Homo sapiens","UGUGUKK","PF00076 (RRM_1)","IPR000504","ENSG00000161082",7
"M158","HNRNPCL1","Homo sapiens","HUUUUUK","PF00076 (RRM_1)","IPR000504","ENSG00000179172",7
"M159","A2BP1","Homo sapiens","WGCAUGM","PF00076 (RRM_1)","IPR000504","ENSG00000078328",7
"M160","KHDRBS1","Homo sapiens","AUAAAAV","PF00013 (KH_1)","IPR018111","ENSG00000121774",7
"M161","RBM6","Homo sapiens","HAUCCAR","PF00076 (RRM_1)","IPR000504","ENSG00000004534",7
"M162","PABPC5","Homo sapiens","AGAAADU","PF00076 (RRM_1)","IPR000504","ENSG00000174740",7
"M163","IGF2BP3","Homo sapiens","AMAHWCA","PF00013 (KH_1)","IPR018111","ENSG00000136231",7
"M164","RBMS3","Homo sapiens","HAUAUA","PF00076 (RRM_1)","IPR000504","ENSG00000144642",7
"M165","shep","Drosophila melanogaster","WAUWUWD","PF00076 (RRM_1)","IPR000504","FBgn0052423",7
"M166","shep","Drosophila melanogaster","WUAUWWA","PF00076 (RRM_1)","IPR000504","FBgn0052423",7
"M167","MSI1","Homo sapiens","UAGKWRG","PF00076 (RRM_1)","IPR000504","ENSG00000135097",7
"M168","SFPQ","Homo sapiens","KURRUKK","PF00076 (RRM_1)","IPR000504","ENSG00000116560",7
"M169","hnRNPLL","Homo sapiens","RCAHACA","PF00076 (RRM_1)","IPR000504","ENSG00000143889",7
"M170","sup-12","Caenorhabditis elegans","WGUGUGD","PF00076 (RRM_1)","IPR000504","T22B2.4",7
"M171","asd-1","Caenorhabditis elegans","WGCAUGH","PF00076 (RRM_1)","IPR000504","R74.5",7
"M172","mec-8","Caenorhabditis elegans","DWGCACA","PF00076 (RRM_1)","IPR000504","F46A9.6",7
"M173","sup-26_CONSTRUCT","RNAcompete CONSTRUCTS","AUAUWWR","PF00076 (RRM_1)","IPR000504","sup-26_CONSTRUCT",7
"M174","etr-1","Caenorhabditis elegans","KKUDUGU","PF00076 (RRM_1)","IPR000504","T01D1.2",7
"M175","RBM24","Homo sapiens","WGWGUGD","PF00076 (RRM_1)","IPR000504","ENSG00000112183",7
"M176","KHDRBS2","Homo sapiens","RAUAAAM","PF00013 (KH_1)","IPR018111","ENSG00000112232",7
"M177","PCBP1","Homo sapiens","CCWWHCC","PF00013 (KH_1)","IPR018111","ENSG00000169564",7
"M178","BRUNOL6","Homo sapiens","UGUGDKG","PF00076 (RRM_1)","IPR000504","ENSG00000140488",7
"M179","MAL8P1.40","Plasmodium falciparum","WUACAUR","PF00076 (RRM_1)","IPR000504","MAL8P1.40",7
"M180","PF10_0068","Plasmodium falciparum","GGWGGA","PF00076 (RRM_1)","IPR000504","PF10_0068",8
"M181","PF13_0315","Plasmodium falciparum","KURCAUD","PF00076 (RRM_1)","IPR000504","PF13_0315",7
"M182","PFI1435w","Plasmodium falciparum","UKUUUUK","PF00076 (RRM_1)","IPR000504","PFI1435w",7
"M183","PFI1695c","Plasmodium falciparum","CYWKCAC","PF00076 (RRM_1)","IPR000504","PFI1695c",8
"M184","RO3G_00049","Rhizopus oryzae","RGGGGAA","PF00076 (RRM_1)","IPR000504","RO3G_00049",7
"M185","e_gw1.81.40.1","Physcomitrella patens","RACCUW","PF00076 (RRM_1)","IPR000504","e_gw1.81.40.1",8
"M186","NCU08034","Neurospora crassa","WGCACA","PF00076 (RRM_1)","IPR000504","NCU08034",8
"M187","LmjF18.0180","Leishmania major","CAUUUU","PF00076 (RRM_1)","IPR000504","LmjF18.0180",7
"M188","Pcbp3","Mus musculus","UUUYCC","PF00013 (KH_1)","IPR018111","ENSMUSG00000001120",8
"M189","Tbg972.3.4300","Trypanosoma brucei","CAUWGUD","PF00076 (RRM_1)","IPR000504","Tbg972.3.4300",7
"M190","Tbg972.6.2300","Trypanosoma brucei","CUKUUKY","PF00076 (RRM_1)","IPR000504","Tbg972.6.2300",7
"M191","Tbg972.7.6230_CONSTR","RNAcompete CONSTRUCTS","DUUAUH","PF00076 (RRM_1)","IPR000504","Tbg972.7.6230_CONSTRUCT",8
"M192","Tbg972.8.6820","Trypanosoma brucei","UAUACU","PF00076 (RRM_1)","IPR000504","Tbg972.8.6820",8
"M193","Tbg972.9.4840","Trypanosoma brucei","CUUUCU","PF00076 (RRM_1)","IPR000504","Tbg972.9.4840",7
"M194","LmjF32.0750","Leishmania major","KUWCACG","PF00076 (RRM_1)","IPR000504","LmjF32.0750",7
"M195","sf3b4","Danio rerio","CAAAAG","PF00076 (RRM_1)","IPR000504","ENSDARG00000018574",7
"M196","THAPSDRAFT_1841","Thalassiosira pseudonana","HACRCGC","PF00076 (RRM_1)","IPR000504","Thaps1841",7
"M197","TVAG_302220","Trichomonas vaginalis","CAAUAA","PF00076 (RRM_1)","IPR000504","TVAG_302220",8
"M198","gw1.84.45.1","Physcomitrella patens","YUUUUUU","PF00076 (RRM_1)","IPR000504","gw1.84.45.1",7
"M199","gw1.219.6.1_CONSTRUC","RNAcompete CONSTRUCTS","UGUUUUD","PF00076 (RRM_1)","IPR000504","gw1.219.6.1_CONSTRUCT",7
"M200","Tbg972.3.3970_CONSTR","RNAcompete CONSTRUCTS","GAAGGD","PF00076 (RRM_1)","IPR000504","Tbg972.3.3970_CONSTRUCT",8
"M201","Smp_067420","Schistosoma mansoni","DWWUUUU","PF00076 (RRM_1)","IPR000504","Smp_067420",7
"M202","MAL13P1.35","Plasmodium falciparum","RWUACAC","PF00076 (RRM_1)","IPR000504","MAL13P1.35",7
"M203","PFF0320c","Plasmodium falciparum","ACUAAWC","PF00076 (RRM_1)","IPR000504","PFF0320c",7
"M204","TVAG_514790","Trichomonas vaginalis","YUUUUUK","PF00076 (RRM_1)","IPR000504","TVAG_514790",7
"M205","estExt_gwp_gw1.C_700","Physcomitrella patens","WUGGAG","PF00076 (RRM_1)","IPR000504","estExt_gwp_gw1.C_700168",8
"M206","NCU02404","Neurospora crassa","GGWGGAD","PF00076 (RRM_1)","IPR000504","NCU02404",7
"M207","Pcbp1","Mus musculus","CYUUCC","PF00013 (KH_1)","IPR018111","ENSMUSG00000051695",8
"M208","PF10_0214","Plasmodium falciparum","WUWCCGA","PF00076 (RRM_1)","IPR000504","PF10_0214",7
"M209","Rbm45","Mus musculus","GACGAMV","PF00076 (RRM_1)","IPR000504","ENSMUSG00000042369",7
"M210","HNRNPAB","Tetraodon nigroviridis","WRGWUAG","PF00076 (RRM_1)","IPR000504","ENSTNIG00000010512",7
"M211","pcbp2","Danio rerio","WWUCCC","PF00013 (KH_1)","IPR018111","ENSDARG00000013184",7
"M212","rbm4.3","Danio rerio","ACGRCG","PF00076 (RRM_1)","IPR000504","ENSDARG00000022129",8
"M213","C_scaffold_4000008","Phytophthora ramorum","UUGCACD","PF00076 (RRM_1)","IPR000504","C_scaffold_4000008",7
"M214","Tbg972.11.1000","Trypanosoma brucei","HUUCACR","PF00076 (RRM_1)","IPR000504","Tbg972.11.1000",7
"M215","Tbg972.11.17950_CONS","RNAcompete CONSTRUCTS","WGUAGRW","PF00076 (RRM_1)","IPR000504","Tbg972.11.17950_CONSTRUCT",7
"M216","Tbg972.9.5210","Trypanosoma brucei","ARAAANA","PF00076 (RRM_1)","IPR000504","Tbg972.9.5210",7
"M217","LmjF35.2550","Leishmania major","HGAACGM","PF00076 (RRM_1)","IPR000504","LmjF35.2550",7
"M218","LmjF35.4130","Leishmania major","AAAMAAA","PF00076 (RRM_1)","IPR000504","LmjF35.4130",7
"M219","tiar-1","Caenorhabditis elegans","UUUUUU","PF00076 (RRM_1)","IPR000504","C18A3.5",7
"M220","TVAG_002940","Trichomonas vaginalis","ADAAAAR","PF00076 (RRM_1)","IPR000504","TVAG_002940",7
"M221","TVAG_129710","Trichomonas vaginalis","UKUUUGD","PF00076 (RRM_1)","IPR000504","TVAG_129710",7
"M222","TVAG_267990","Trichomonas vaginalis","AYCAUGD","PF00076 (RRM_1)","IPR000504","TVAG_267990",7
"M223","estExt_fgeneshHS_pg.","Naegleria gruberi","RDUUUUG","PF00076 (RRM_1)","IPR000504","estExt_fgeneshHS_pg.C_730016",7
"M224","e_gw1.03.00.367.1","Ostreococcus tauri","UUUUUUK","PF00076 (RRM_1)","IPR000504","e_gw1.03.00.367.1",7
"M225","e_gw1.09.00.326.1","Ostreococcus tauri","AGAACRD","PF00076 (RRM_1)","IPR000504","e_gw1.09.00.326.1",7
"M226","ANIA_04546","Aspergillus nidulans","ACCYMA","PF00013 (KH_1)","IPR018111","CADANIAG00005892",7
"M227","PTBP1","Homo sapiens","HYUUUYU","PF00076 (RRM_1)","IPR000504","ENSG00000011304",7
"M228","PTBP1","Homo sapiens","HYUUUYU","PF00076 (RRM_1)","IPR000504","ENSG00000011304",7
"M229","aret_CONSTRUCT","RNAcompete CONSTRUCTS","UKUGUGU","PF00076 (RRM_1)","IPR000504","aret_CONSTRUCT",7
"M230","Srp54","Drosophila melanogaster","KKRGG","PF00076 (RRM_1)","IPR000504","FBgn0004903",7
"M231","eIF-2alpha","Drosophila melanogaster","WGCAUG","PF00575 (S1)","IPR003029","FBgn0261609",7
"M232","ELAVL1","Homo sapiens","UUUUUUK","PF00076 (RRM_1)","IPR000504","ENSG00000066044",7
"M233","e_gw.71.47.1","Nematostella vectensis","AGAYASA","PF00076 (RRM_1)","IPR000504","e_gw.71.47.1",8
"M234","ENSGALG00000014267","Gallus gallus","GAUGAW","PF00076 (RRM_1)","IPR000504","ENSGALG00000014267",7
"M235","ENSXETG00000012802","Xenopus tropicalis","GAUGAWH","PF00076 (RRM_1)","IPR000504","ENSXETG00000012802",7
"M236","ENSXETG00000018075","Xenopus tropicalis","MAAAWWD","PF00076 (RRM_1)","IPR000504","ENSXETG00000018075",7
"M237","ENSXETG00000017599","Xenopus tropicalis","WACUAC","PF00076 (RRM_1)","IPR000504","ENSXETG00000017599",8
"M238","ENSDARG00000058818","Danio rerio","KWGUGUG","PF00076 (RRM_1)","IPR000504","ENSDARG00000058818",7
"M239","AT1G76460-TAIR-G","Arabidopsis thaliana","DGWGUGD","PF00076 (RRM_1)","IPR000504","AT1G76460-TAIR-G",7
"M240","ENSTNIG00000009181","Tetraodon nigroviridis","WGUGUG","PF00076 (RRM_1)","IPR000504","ENSTNIG00000009181",8
"M241","CADANIAG00004740","Aspergillus nidulans","UACUAMK","PF00076 (RRM_1)","IPR000504","CADANIAG00004740",7
"M242","ENSGALG00000000814","Gallus gallus","MMAAAWY","PF00076 (RRM_1)","IPR000504","ENSGALG0000000081",7
"M243","ENSXETG00000007102","Xenopus tropicalis","MAAAAAG","PF00076 (RRM_1)","IPR000504","ENSXETG00000007102",7
"M244","ENSGALG00000003765","Gallus gallus","DUAAUUV","PF00076 (RRM_1)","IPR000504","ENSGALG00000003765",7
"M246","RBMY1A1","Homo sapiens","CWCAA","PF00076 (RRM_1)","IPR000504","ENSG00000234414",5
"M247","RBMY1A1","Homo sapiens","CWCAA","PF00076 (RRM_1)","IPR000504","ENSG00000234414",5
"M250","ybx2-a","Xenopus laevis","UAACAUC","PF00313 (CSD)","IPR002059","AAI69706",6
"M254","ybx2-a","Xenopus laevis","KAACAUCU","PF00313 (CSD)","IPR002059","AAI69706",6
"M256","ACO1","Homo sapiens","CAGUGN","NULL","NULL","ENSG00000122729",6
"M260","ybx2-a","Xenopus laevis","GCCANACCAYCGC","PF00313 (CSD)","IPR002059","AAI69706",13
"M261","sap-49","Caenorhabditis elegans","CGUGUGAG","PF00076 (RRM_1)","IPR000504","C08B11.5",6
"M262","QKI","Homo sapiens","NACUAAY(N)(2-20)UAAY","PF00013 (KH_1)","IPR018111","ENSG00000112531",7
"M269","ZFP36","Homo sapiens","UUAUUUAWW","PF00642 (zf-CCCH)","IPR000571","ENSG00000128016",11
"M271","HNRNPA1","Homo sapiens","UAGGGW","PF00076 (RRM_1)","IPR000504","ENSG00000135486",6
"M272","SRSF1","Homo sapiens","RGAAGAAC","PF00076 (RRM_1)","IPR000504","ENSG00000136450",8
"M273","SRSF1","Homo sapiens","ACGCGCA","PF00076 (RRM_1)","IPR000504","ENSG00000136450",7
"M274","SRSF2","Homo sapiens","GUUCGAGUA","PF00076 (RRM_1)","IPR000504","ENSG00000161547",9
"M275","PABPC1","Homo sapiens","AAAAA","PF00076 (RRM_1)","IPR000504","ENSG00000070756",5
"M279","su(s)","Drosophila melanogaster","UCAGUAGUCU","PF00642 (zf-CCCH)","IPR000571","FBgn0003575",10
"M286","Pum2","Mus musculus","UGUA","PF00806 (PUF)","IPR001313","ENSMUSG00000020594",4
"M290","EIF4B","Homo sapiens","SUYGGAM","PF00076 (RRM_1)","IPR000504","ENSG00000063046",7
"M291","EIF4B","Homo sapiens","SUYGGAM","PF00076 (RRM_1)","IPR000504","ENSG00000063046",7
"M292","EIF4B","Homo sapiens","SUYGGAM","PF00076 (RRM_1)","IPR000504","ENSG00000063046",4
"M296","IGF2BP1","Homo sapiens","AAGCACCCGUU","PF00013 (KH_1)","IPR018111","ENSG00000159217",11
"M297","a2bp1","Danio rerio","GCAUG","PF00076 (RRM_1)","IPR000504","ENSDARG00000014746",5
"M298","A2BP1","Homo sapiens","UGCAUG","PF00076 (RRM_1)","IPR000504","ENSG00000078328",6
"M299","Rna15","Saccharomyces cerevisiae","UGYGUAUUYUCC","PF00076 (RRM_1)","IPR000504","YGL044C",12
"M300","Rna15","Saccharomyces cerevisiae","UGYGUAUUYUCC","PF00076 (RRM_1)","IPR000504","YGL044C",12
"M307","NONO","Homo sapiens","AGGGA","PF00076 (RRM_1)","IPR000504","ENSG00000147140",5
"M316","FUS","Homo sapiens","GGUG","PF00641 (zf-RanBP)","IPR001876","ENSG00000089280",4
"M317","SNRPA","Homo sapiens","AUUGCAC","PF00076 (RRM_1)","IPR000504","ENSG00000077312",8
"M318","SNRPA","Homo sapiens","AUUGCAC","PF00076 (RRM_1)","IPR000504","ENSG00000077312",7
"M319","SNRPA","Homo sapiens","AUUGCAC","PF00076 (RRM_1)","IPR000504","ENSG00000077312",7
"M320","MBNL1","Homo sapiens","YGCY","PF00642 (zf-CCCH)","IPR000571","ENSG00000152601",4
"M323","NOVA2","Homo sapiens","GGGRGAGUCAUHSCY","PF00013 (KH_1)","IPR018111","ENSG00000104967",13
"M328","ELAVL2","Homo sapiens","MUYCUUUWUWUUY","PF00076 (RRM_1)","IPR000504","ENSG00000107105",14
"M329","ELAVL2","Homo sapiens","MUYCUUUWUWUUY","PF00076 (RRM_1)","IPR000504","ENSG00000107105",9
"M330","ELAVL2","Homo sapiens","RWUUUAUUUWR","PF00076 (RRM_1)","IPR000504","ENSG00000107105",9
"M331","SRSF7","Homo sapiens","AGACKACGAY","PF00098 (zf-CCHC)","IPR001878","ENSG00000115875",10
"M332","SRSF2","Homo sapiens","UGUUCSAGWU","PF00076 (RRM_1)","IPR000504","ENSG00000161547",10
"M333","SRSF9","Homo sapiens","AGGAY","PF00076 (RRM_1)","IPR000504","ENSG00000111786",5
"M343","Psi","Drosophila melanogaster","RCYYCUURYRC","PF00013 (KH_1)","IPR018111","FBgn0014870",11
"M344","RBMX","Homo sapiens","CCM","PF00076 (RRM_1)","IPR000504","ENSG00000147274",4
"M345","SNRPA","Homo sapiens","GWUWCCUGCUA","PF00076 (RRM_1)","IPR000504","ENSG00000077312",11
"M346","SNRPA","Homo sapiens","GGGUAUGCUG","PF00076 (RRM_1)","IPR000504","ENSG00000077312",10
"M347","SNRPA","Homo sapiens","GAGCAGUAGKS","PF00076 (RRM_1)","IPR000504","ENSG00000077312",11
"M348","SNRPA","Homo sapiens","AGGAGAU","PF00076 (RRM_1)","IPR000504","ENSG00000077312",7
"M349","PABPC1","Homo sapiens","ACDAAYM","PF00076 (RRM_1)","IPR000504","ENSG00000070756",7
"M350","ZFP36","Homo sapiens","UUAUUUAWW","PF00642 (zf-CCCH)","IPR000571","ENSG00000128016",9
"M351","SRSF1","Homo sapiens","AGGACAGAGC","PF00076 (RRM_1)","IPR000504","ENSG00000136450",10
"M352","SRSF2","Homo sapiens","AGSAGAGUA","PF00076 (RRM_1)","IPR000504","ENSG00000161547",9
"M353","SRSF7","Homo sapiens","ACGAGAGAY","PF00098 (zf-CCHC)","IPR001878","ENSG00000115875",9
"M354","YTHDC1","Homo sapiens","KVVURC","PF04146 (YTH)","IPR007275","ENSG00000083896",6
